{"cameraMode":{"drawMode":0,"name":"Shaded","section":"Shading Mode"},"sceneLighting":false,"audioPlay":false,"sceneViewState":{"m_AlwaysRefresh":false,"showFog":true,"showSkybox":false,"showFlares":true,"showImageEffects":true,"showParticleSystems":true,"showVisualEffectGraphs":true,"m_FxEnabled":true},"in2DMode":false,"pivot":{"x":-5.9964094161987309,"y":0.21796756982803346,"z":4.7798919677734379},"rotation":{"x":0.09432855248451233,"y":-0.6976844668388367,"z":0.0934838131070137,"w":0.7039898633956909},"size":0.5599492788314819,"orthographic":false}