{"cameraMode":{"drawMode":0,"name":"Shaded","section":"Shading Mode"},"sceneLighting":true,"audioPlay":false,"sceneViewState":{"m_AlwaysRefresh":false,"showFog":true,"showSkybox":true,"showFlares":true,"showImageEffects":true,"showParticleSystems":true,"showVisualEffectGraphs":true,"m_FxEnabled":true},"in2DMode":false,"pivot":{"x":-11.066320419311524,"y":-0.7842259407043457,"z":10.266199111938477},"rotation":{"x":0.4420411288738251,"y":-0.13393685221672059,"z":0.06694477796554566,"w":0.8844134211540222},"size":21.51677894592285,"orthographic":false}